{
    "swagger": "2.0",
    "info": {
      "version": "0.0.1",
      "title": "IdentityService"
    },
    "host": "localhost:10010",
    "basePath": "/",
    "schemes": [
      "http",
      "https"
    ],
    "consumes": [
      "application/json"
    ],
    "produces": [
      "application/json"
    ],
    "paths": {
      "/RegisterClient": {
        "x-swagger-router-controller": "IdentityController",
        "get": {
          "description": "Returns CLientdId and Secret",
          "operationId": "register_client",
          "parameters": [
            {
              "name": "name",
              "in": "query",
              "description": "The app name to be registered",
              "required": true,
              "type": "string"
            }
          ],
          "responses": {
            "200": {
              "description": "Success",
              "schema": {
                "$ref": "#/definitions/ClientRegistrationResposne"
              }
            },
            "default": {
              "description": "Error",
              "schema": {
                "$ref": "#/definitions/ErrorResponse"
              }
            }
          }
        }
      },
      "/GenerateToken": {
        "x-swagger-router-controller": "IdentityController",
        "get": {
          "description": "Returns JWT token for user",
          "operationId": "Generate_Token",
          "parameters": [
            {
              "name": "userName",
              "in": "query",
              "description": "The user for the app",
              "required": true,
              "type": "string"
            }
          ],
          "security": [
            {
              "APIKeyHeader": []
            }
          ],
          "responses": {
            "200": {
              "description": "Success",
              "schema": {
                "$ref": "#/definitions/JWTToken"
              }
            },
            "default": {
              "description": "Error",
              "schema": {
                "$ref": "#/definitions/ErrorResponse"
              }
            }
          }
        }
      },
      "/AuthenticateToken": {
        "x-swagger-router-controller": "IdentityController",
        "get": {
          "description": "Checks if JWT is valid",
          "operationId": "Authorise",
          "parameters": [
            {
              "name": "token",
              "in": "query",
              "description": "The app name to be registered",
              "required": true,
              "type": "string"
            }
          ],
          "security": [
            {
              "APIKeyHeader": []
            }
          ],
          "responses": {
            "200": {
              "description": "Success"
            },
            "401": {
              "description": "UnAuthorized"
            },
            "default": {
              "description": "Error",
              "schema": {
                "$ref": "#/definitions/ErrorResponse"
              }
            }
          }
        }
      },
      "/swagger": {
        "x-swagger-pipe": "swagger_raw"
      }
    },
    "definitions": {
      "ClientRegistrationResposne": {
        "required": [
          "clientId",
          "clientSecret"
        ],
        "properties": {
          "clientId": {
            "type": "string"
          },
          "clientSecret": {
            "type": "string"
          }
        }
      },
      "JWTToken": {
        "required": [
          "token"
        ],
        "properties": {
          "token": {
            "type": "string"
          }
        }
      },
      "ErrorResponse": {
        "required": [
          "message"
        ],
        "properties": {
          "message": {
            "type": "string"
          }
        }
      }
    },
    "securityDefinitions": {
      "APIKeyHeader": {
        "type": "apiKey",
        "in": "header",
        "name": "X-API-Key"
      }
    }
  }
  